#title;score when item hit front page; time item was posted; minutes until front page; username; item id
Your Logical Fallacy Is;3;1499429064;53;simon_acca;14717727
How Google Seemingly Cut My Audience in Half Overnight (And Possibly Yours Too);3;1499433336;10;iamben;14718058
For Terminal lovers: Colorls = ls + color + icons :-);4;1499423133;199;athityakumar;14717341
Show HN: Globe visualizations in Golang;5;1499433260;51;mmcloughlin;14718051
US Forfeits Thousands of Ancient Iraqi Artifacts Smuggled by Hobby Lobby;3;1499435899;21;Red_Tarsius;14718327
Wolfram Alpha Is Making It Extremely Easy for Students to Cheat;3;1499437652;15;spacelizard;14718559
OneDrive has stopped working on non-NTFS drives;98;1499368790;1169;protomyth;14713097
Lessons learned building a toy compiler;5;1499270586;2810;k4rtik;14703543
Where machine learning meets rule-based systems;3;1499428509;185;yoav_hollander;14717692
All Watched Over by Machines of Loving Grace;3;1499428319;190;sajid;14717684
8 days later and still locked out of my AWS account;3;1499439414;12;colinmeinke;14718799
Comma.ai launches an $88 universal car interface called Panda;4;1499438708;33;jonas21;14718711
Goodbye to Bob Chassell;3;1499438426;39;sillysaurus3;14718672
Qt WebGL Streaming;3;1499433217;133;jsfdez;14718043
Ask HN: What's a side project you built to make money that *hasn't*?;8;1499433654;143;JayNeely;14718089
Charles Proteus Steinmetz, the Wizard of Schenectady;3;1499416165;447;mpweiher;14716944
Final Removal of Trust in WoSign and StartCom Certificates;4;1499441454;43;selectnull;14719133
Tired of working on apps? Taplytics is looking for SDK engineers in Toronto;1;1499444122;1;aglazer;14719566
A Call to Arms: Supporting Matrix.org;9;1499432373;197;Arathorn;14717965
Deadmau5's mansion and it's tech setup;4;1499440463;69;dthakur;14718952
First battery-free cellphone makes calls by harvesting ambient power;3;1499416950;466;the_duke;14716986
How to See What the Internet Knows About You (And How to Stop It);5;1499441656;57;alexkavon;14719166
The Pentagon Says It Will Start Encrypting Soldiers' Emails Next Year;5;1499443035;42;IsaakTech;14719409
Infographic: Change in Real Home Prices Since 2000;4;1499443032;52;wjossey;14719407
Coal CEO admits that ‘clean coal’ is a myth;4;1499445220;17;doener;14719728
How to Build an Ethereum Mining Rig That Makes $597.83 a Month;4;1499442922;56;wealthyroads;14719391
Show HN: Parsing complex PDF layouts (horse racing charts) with Apache PDFBox;3;1499437089;153;robinhowlett;14718485
Hire a former SoundClouder (GoogleSheet);7;1499441315;86;FHMS;14719106
Real estate site Redfin files for IPO;3;1499445328;21;realdlee;14719749
Google Stakes Its Future on TensorFlow;4;1499444580;33;jonbaer;14719646
Exercise as a Preventive or Disease-Modifying Treatment for Dementia Brain Aging;3;1499426242;343;todd8;14717547
Am I a Sexist?;4;1499446238;29;aleksi;14719881
Waymo Drops Most Patent Claims in Autonomous Car Fight with Uber;3;1499447747;11;pfarnsworth;14720108
What Freedom and Revolution Really Mean;3;1499425885;381;akbarnama;14717519
Accidentally pay an 80BTC transaction fee? Please contact us for a refund;3;1499448255;31;Sujan;14720192
Is social graph portability workable?;3;1499184330;4439;avyfain;14696619
Tim Berners-Lee approves Web DRM, but W3C members have two weeks to appeal;3;1499450762;25;acabal;14720591
Good at programming competitions does not equal good at job;3;1499451132;23;jpn;14720650
Automated Investigator, lie detector, good cop, bad cop;3;1499426503;435;jacquesm;14717569
Roland McGrath bows out as glibc maintainer;3;1499454205;6;signa11;14721126
I Was an Investor, She Was a Founder…;4;1499454791;12;joshAg;14721209
Amid Unprecedented Controversy, W3C Greenlights DRM for the Web;3;1499455855;18;cdvonstinkpot;14721343
Escaped inmate may have used wire cutters delivered by drone;3;1499456206;13;endswapper;14721396
CoreOS (YC S13) is hiring a distributed datastore engineer in San Francisco;1;1499458804;0;philips;14721721
Ask HN: How do you backup your linux system?;5;1499455275;77;Dowwie;14721266
Interviewing Borgmann, Part 1;3;1499453255;121;jlipps;14720973
Lessons from my first year of live coding on Twitch;5;1499450925;160;ingve;14720614
How Nature Solves Problems Through Computation;3;1499461821;8;digital55;14722130
How ‘Wellness’ Became an Epidemic;3;1499450637;197;prostoalex;14720571
Ask HN: Good hacker backpack?;8;1499459030;85;jason_slack;14721746
Don't Settle for Eventual Consistency (2014);2;1499459728;76;alrex021;14721842
Learn Python 3 the Hard Way Officially Released (Good News and Bad News);4;1499463591;15;alrs;14722349
Where Do Type Systems Come From?;3;1499463878;15;philix001;14722383
Will Seattle figure out how to deal with its new wealth?;3;1499446967;322;wallflower;14719980
CVE-2017-1000082 assigned to systemd, despite Pottering's objection;5;1499465476;18;alexforster;14722573
Usage Patterns and the Economics of the Public Cloud [pdf];4;1499444340;394;blopeur;14719607
Greenwald: Maddow’s “Scoop” About Fake NSA Doc Raises Several Key Questions;6;1499465438;50;honksillet;14722567
Evolution of Sexual Intimidation: Male Baboons Beat Up Females, Increases Mating;4;1499468767;18;shawndumas;14722918
The language of programming;3;1499448628;356;turingbook;14720254
You probably shouldn’t use DynamoDB;3;1499460327;167;vgt;14721920
Flexport employees speak more than 60 languages. Join our team:;1;1499471546;1;thedogeye;14723192
Waymo must disclose details of Lyft car deal to Uber;4;1499465530;123;malandrew;14722580
What Turns Estimates into Deadlines;6;1499467795;110;dsego;14722836
What is Ethereum;4;1499473013;36;songzme;14723308
Third Circuit affirms the constitutional right to record police officers;3;1499474783;7;jseliger;14723415
Ask HN: Whats the biggest difference between professional coding and academia?;3;1499474580;21;acalderaro;14723399
Why I'm Putting All My Savings into Bitcoin (2011);4;1499476921;30;mbgaxyz;14723510
URLs are UI;13;1499474730;168;smacktoward;14723409
Elon Musk's big battery brings reality crashing into a post-truth world;4;1499483445;28;fmihaila;14723853
Scale API (S16) Is Hiring ML Engineers, Sales, and BizOps;1;1499485950;1;ayw;14723978
Judge strikes down Utah law banning undercover farm filming (“ag gag” law);3;1499485847;29;SwellJoe;14723973
I shared my toddler's hospital bill on Twitter;4;1499488923;35;joshrotenberg;14724116
Cirque du Soleil acquires entertainment phenomenon Blue Man Group;4;1499483995;220;troydavis;14723887
Tesorio (YC S15) Is Hiring a Product Designer, Account Executive and Sales Rep;1;1499501740;1;FabioFleitas;14724624
Ask HN: Which sites you visit on a regular basis for knowledge and inspiration?;7;1499488285;225;mgos;14724092
No One Would Buy My Photos, So Here They Are for Free: Mosul 2017;3;1499506270;19;wfunction;14724767
How the Oil Pipeline Began;3;1499508642;125;dnetesn;14724848
Linux tracing systems and how they fit together;5;1499495713;358;ingve;14724403
Gambiarra: repair culture;4;1499517887;73;mat_jack1;14725233
Mino Games (YC W11) is hiring gameplay programmers in Montreal;1;1499522238;1;joshbuckley;14725417
Elon Musk's big battery brings reality crashing into a post-truth world;3;1499523314;8;hownottowrite;14725476
Research does not say that you produce more when working 40 hours per week;3;1499509967;233;barry-cotter;14724912
The Re-Frame Guide: Front-End Architecture in Clojure;3;1499515331;148;kimi;14725114
Show HN: Public Datasets for Machine Learning;3;1499523288;20;rahul_1212;14725475
Telescope Building with John Dobson (2014);3;1499506104;321;Tomte;14724756
How I failed landing a remote position;7;1499524854;17;kostarelo;14725546
Listening to 700 MHz Simulcast public safety radio cheaply;3;1499505772;340;wolframio;14724739
What are the most common words on death row prior to execution;3;1499523788;44;dannyow;14725496
Ask HN: Is a digital marketer a slave to the developers?;4;1499520538;100;vishnuvvn;14725333
The whimsical but dark world of Rube Goldberg machines (2015);4;1499486019;701;sdomino;14723984
Antarctic Larsen C rift branches further, to within 5 km (~3mi) of calving;3;1499509957;330;omegaworks;14724911
Sending form data made easy with – diver.js;6;1499490234;666;cafebabe1991;14724166
Don't Lower Your Expectations;3;1499530852;10;jkuria;14725933
Trump plans to halt entrepreneur visas;3;1499529941;29;elsewhen;14725867
The Lifelong Learning of Lifelong Inmates;6;1499487208;745;fern12;14724045
Show HN: A notebook-style Common Lisp environment;5;1499530101;43;cddadr;14725878
Google is funding the creation of software that writes local news stories;4;1499530475;49;tokyoSurfer;14725905
Ask HN: How to prepare for an Engineering Manager interview?;4;1499533273;18;throwmeplease;14726130
100 days of algorithms;249;1499536510;1013;jpn;14726394
Treaty banning nuclear weapons approved at UN;4;1499592823;93;bahjoite;14729007
Golang has made it to the top 10 of most popular programming languages;4;1499590410;134;shime;14728924
Dos and don'ts on designing for accessibility;4;1499589784;149;fanf2;14728903
NPM 5.1.0 Release (twice as fast as npm5.0.0);4;1499575575;392;ankit84;14728412
One Way to Fix Uber: Think Twice Before Using It;4;1499597196;54;DiabloD3;14729178
Ask HN: Will I ever find a job?;7;1499592739;136;dwgdev;14729005
Similarities between U.S. and Soviet propaganda;3;1499598514;41;wolfgke;14729225
Elevate your C programming skills by exploring the SQLite codebase;4;1499599004;46;cpprepository;14729239
Your first service worker;3;1499600824;22;kayfloriven;14729315
How an adblocker broke a GitHub repository;6;1499598353;78;vbrandl;14729214
8 Ways to Make Money Online as a Programmer;5;1499580513;391;fattykay;14728592
The Evolution of a Programmer;7;1499576680;469;alexanderdmitri;14728439
Behind the scenes of a detox scam;3;1499603470;25;okket;14729432
Former Mt. Gox CEO Heads to Trial in Japan Over Missing Bitcoins;3;1499602883;37;brakmic;14729409
17th Century Shopping List Discovered Under Floorboards of Historic English Home;3;1499561451;736;samclemens;14727872
The Helsinki Bus Station Theory: Finding Your Own Vision in Photography (2006);4;1499578357;466;wallflower;14728495
In Neanderthal DNA, Signs of a Mysterious Human Migration;3;1499603632;51;hvo;14729440
Everyone in a room keeps giving dollars to random others. What happens?;3;1499602687;74;aqsalose;14729400
DRM Is Toxic to Culture;3;1499606413;12;jrepinc;14729600
A Norwegian who knew tortoises so well that he changed the course of history;4;1499583260;404;DiabloD3;14728691
Data says: Buy 10 yr old car keep 5 yrs – repeat;3;1499606175;25;SQL2219;14729585
Ask HN: How to prepare for algorithm trading interview as a developer;5;1499594751;230;AppeasingRoko;14729078
An overview of gradient descent optimization algorithms;6;1499597936;179;azuajef;14729196
Huckleberries on hot summer days: Henry David Thoreau;3;1499550114;988;benbreen;14727327
Pitted materials in craters could indicate buried ice on asteroids;4;1499600089;160;dnetesn;14729282
Bicycle AI Is Hiring ML Engineers(Bengaluru or Remote);1;1499610050;1;arey_abhishek;14729836
Why People from Manchester Are Mancunians, Not Manchesterians;5;1499480842;2175;sohkamyung;14723729
Everybody lies: how Google search reveals our darkest secrets;3;1499608455;69;TuxMulder;14729739
`Bro culture' at startups keeps talented women out: Harvey Mudd President;4;1499610645;34;SirLJ;14729885
LinkedIn, HiQ spat presents big questions for freedom, innovation;3;1499611113;49;carlps;14729917
The Positive Impact of Advanced Safety Systems for Cars;3;1499613051;24;keltex;14730061
Children of the Opioid Epidemic Are Flooding Foster Homes;3;1499615211;10;happy-go-lucky;14730261
The Disastrous Fyre Festival May Have Wrecked It for Everyone;3;1499614771;41;petethomas;14730212
10 Common Data Structures Explained with Videos and Exercises;4;1499612777;107;quincyla;14730040
Expat Internals: The Hash Tables;3;1499608187;185;uyoakaoma;14729720
Postgres Job Queues and Failure by MVCC;3;1499620388;16;craigkerstiens;14730685
What Cookies and Meth Have in Common;3;1499619287;65;pmcpinto;14730613
Show HN: Very basic blockchain-free cryptocurrency PoC in Python;3;1499616074;119;Graa;14730354
7 startups that were massively funded that died in 2017;5;1499618902;75;altstar;14730585
Elon Musk gave out the first real look at model 3;4;1499621254;45;cpt_snowcrash;14730742
Life;3;1499621045;62;lainon;14730733
Participate in the Net Neutrality Day of Action;3;1499624872;18;zackbloom;14730995
Ask HN: What API do you wish you had while building your product?;4;1499624384;33;afinemonkey;14730958
Streak (YC S11) Is Hiring a Product Engineer;1;1499626671;1;alooPotato;14731116
The Morals of Vision: Susan Sontag’s ‘On Photography’ Revisited (Part 1);3;1499606832;339;prismatic;14729627
LibFuzzer-gv: new techniques for dramatically faster fuzzing;4;1499623713;60;EvgeniyZh;14730905
A Guide to TDD a React/Redux TodoList App;5;1499626324;32;sanjsanj;14731088
Using chip memory more efficiently;3;1499626337;58;redtuesday;14731089
Show HN: Console based email client with Lua scripting;4;1499624184;95;stevekemp;14730936
How startups such as Dropbox, Airbnb, Groupon acquired their first users;4;1499628728;30;catherinezng;14731263
These Guys Broke into Abandoned Soviet Space Shuttles Hangar;5;1499628157;66;enricotal;14731233
How Much Should Expectation Drive Science?;3;1499626531;119;urahara;14731102
Show HN: Using functions to construct regex in python;3;1499633972;2;iogf;14731631
How Strength Training Changes Your Body for Good;3;1499631712;40;dashboard;14731489
Congress Wants a New U.S. Military Branch, a ‘Space Corps’;3;1499633926;7;ourmandave;14731628
How I Went from Sales to Full Stack Developer;3;1499628309;107;gregborrelly;14731240
How to make a friend fast – the scientific method;4;1499627571;121;trurl42;14731181
Calif Dep of Public Health Open Data Portal – Public Datasets;3;1499635987;4;ruffrey;14731788
Jira cloud huge price jump;4;1499635565;11;torbica;14731758
The 2 Underrated Startup Success Factors;4;1499636393;3;yinso;14731830
Amazon Prime is on pace to become more popular than cable TV;3;1499633493;54;SirLJ;14731599
Porting NetBSD to Allwinner H3 SoCs;3;1499632503;77;zdw;14731536
Pterodactyl – An Open-Source Game Server Management Panel;4;1499634422;61;daneeveritt;14731663
Grsecurity: Potential contributory infringement and breach of contract risk;3;1499637659;17;SwellJoe;14731955
Ask HN: What good alteratives are there to Google News?;4;1499636260;44;cpncrunch;14731816
Google Drive hasn't worked in 191 days;4;1499638544;39;wabi-sabi;14732023
Ask HN: Who'se running a nonprofit here?;6;1499638093;46;jiblyyyy;14731988
GoCardless (YC S11) Is Hiring Software Engineers/SREs/Data Scientists/PMs(London);1;1499641075;0;hirokitakeuchi;14732186
Experimenting with Social Norms;4;1499638118;71;ehudla;14731992
Ten years after first shipping Openmoko Neo1973;5;1499639581;57;richardboegli;14732082
Why You Shouldn’t Follow a Fad Diet Such as KETO or IIFYM;3;1499639282;77;Apaec;14732067
Why the average millionaire's college GPA is 2.9 [video];3;1499644451;12;champagnepapi;14732409
Online Pirates Have No Constitutional Right to Internet Access, BMG Says;3;1499648340;4;mnm1;14732671
Why I hate Slack and you should too;5;1499645092;78;kornish;14732459
iPhone Bugs Are Too Valuable to Report to Apple;3;1499648173;40;cinquemb;14732660
When not to use deep learning;4;1499647030;71;jpn;14732592
Exercise should be kept to a healthy minimum;3;1499646139;94;havella;14732530
Sea Peoples;3;1499653660;5;bane;14732999
Custora (YC W11) is looking for engineers to help fix retail;1;1499654926;1;pospischil;14733057
Binary co-founder blames “corrupted” media for his resignation offer;3;1499653166;30;craigkerstiens;14732962
Introductory bullshit detection for non-technical managers;4;1499647981;186;sambeau;14732652
Linus: “I no longer feel like I can trust ”init“ to do the sane thing.”;4;1499658449;16;cnst;14733255
A (Detailed) Elliptic Curve Cryptography Tutorial;6;1499639098;396;68c12c16;14732058
Antisocial Coding: My Year at GitHub;4;1499662958;24;evolve2k;14733490
Datomic: this is not the history you're looking for;3;1499662452;78;mpweiher;14733456
24-core CPU and I can’t move my mouse;3;1499668615;22;joebaf;14733829
Rescale (YC W12) Is Hiring a Designer in San Francisco;1;1499670162;1;amckenzie;14733922
Eight years of victory;4;1499669566;20;jjwiseman;14733885
EU Prepares “Right to Repair” Legislation to Fight Short Product Lifespans;4;1499673300;53;SwellJoe;14734107
The man who built a $1bn firm in his basement;5;1499676843;49;ghosh;14734314
News Outlets to Seek Bargaining Rights Against Google and Facebook;4;1499658139;425;panarky;14733235
Ask HN: Any tools to easily cluster ideas/notes by similarity?;7;1499664059;327;arikr;14733562
How I didn't become a SoundClouder;6;1499683019;23;tethys;14734756
High Court rules UK arms sales to Saudi Arabia lawful, after secret evidence;3;1499682497;32;sjcsjc;14734716
Indian IT, “You're Fired”;2;1499683926;18;mohan_;14734799
CSS variables lands in React 15.6.0;3;1499684236;16;Liriel;14734823
No Starch Press – 50% Off All Ebooks for Day Against DRM;3;1499686221;3;dabber;14734963
Rescale (YC W12) Is Hiring a Designer in San Francisco;1;1499670162;334;amckenzie;14733922
Solution to Wifi problems on HP laptops;3;1499688651;32;tbking;14735190
Goldman Sachs – The Great American Bubble Machine;3;1499690816;20;arbuge;14735384
Introductory bullshit detection for non-technical managers;62;1499647981;752;sambeau;14732652
Philosophy of Psychiatry;3;1499692521;11;lainon;14735598
Too Big to Succeed: Jawbone's Demise a Case of 'Death by Overfunding';3;1499687629;97;randomerr;14735088
Every total solar eclipse happening in our lifetime;98;1499720556;647;fmihaila;14739638
Unikernels are secure;173;1499701163;970;ingve;14736909
Developers Are Already Making Great AR Experiences Using Apple's ARKit;17;1499730637;480;cpt_snowcrash;14740576
Writing Good Code Is a Lot Like Writing Prose;4;1499758416;75;akras14;14742240
Earth's sixth mass extinction event already under way, scientists warn;29;1499737810;419;esalazar;14741048
Awk driven IoT;176;1499693844;1152;Aissen;14735752
Any server search engines?;3;1499759771;76;hemen;14742330
“If your whole business relies on us, you might want to pick a different one”;34;1499748225;272;gonchs;14741627
80 Columns Text on the Commodore 64;3;1499758757;106;ingve;14742267
Programming won't be automated, or it already has been;3;1499763431;37;BerislavLopac;14742598
100 companies are source of over 70% of emissions;3;1499761822;65;givan;14742485
Launching Today: CircleCI 2.0 Reaches General Availability;3;1499759179;111;ssemmaprise;14742295
Exotic Data Structures;3;1499762545;106;panic;14742534
Awk driven IoT;176;1499693844;1277;Aissen;14735752
Testing a fake SD card;4;1499770102;15;alecjw;14743039
Blogger discredits claim Amelia Earhart was taken prisoner by Japan;5;1499765063;134;danso;14742691
How to make a friend fast;726;1499627571;2437;trurl42;14731181
Toward a Reasonably Secure Laptop;3;1499772729;19;doener;14743238
Crypto-currencies have lost 30% of their value in the last 3 weeks;3;1499772165;30;jatsign;14743188
100 companies responsible for 71% of greenhouse gas emissions;4;1499771484;41;urahara;14743137
A media company in Mumbai is giving women a day off during their periods;3;1499773487;15;urahara;14743301
BackerKit (YC W13) Is Hiring a Senior Designer;1;1499775672;0;rosanna;14743500
Lumosity boosts brain function by 0%, the same as normal video games–study;3;1499774478;20;sjcsjc;14743403
Ask HN: Do you suggest static site generators to your customers?;4;1499769852;117;12s12m;14743017
How I’m Learning ARKit;3;1499777633;14;gmcerveny;14743708
Run PHP in browser: PHP7 to ES7 syntax translator;3;1499777747;23;farhadhf;14743724
Kaspersky Lab Has Been Working with Russian Intelligence;8;1499770864;140;secfirstmd;14743092
7 steps to Twitter success – blog series – Step 1: Set your Twitter strategy;3;1499776678;45;adamscafe;14743591
Tesla Powerpack to Enable Large Scale Sustainable Energy to South Australia;5;1499779266;13;darwhy;14743911
How to get press for your startup (or any company);3;1499780255;5;austenallred;14744039
3D scanning by dipping into a liquid;5;1499779763;15;jakobegger;14743975
Slaying the 'math monster': It’s not about numbers, it’s learning how to think;3;1499780526;10;CarolineW;14744068
Capitalism the Apple Way vs. Capitalism the Google Way;3;1499776990;78;nthuser;14743616
Silicon Valley's Overstuffed Startups;3;1499781130;30;kgwgk;14744138
The Nearly Mile-Wide Diamond Mine That Helped Build the Soviet Union;5;1499772233;184;mitul_45;14743196
Show HN: BotEngine – super easy tool for creating chatbots;14;1499782464;14;ajaskiewicz;14744331
I do whatever I want at work and I haven’t been fired yet;4;1499781098;38;riqbal;14744134
‘Space Fabric’ Links Fashion and Engineering;3;1499768775;247;tribonet;14742934
Feudalism and the “Algorithmic Economy”;4;1499773275;179;infodroid;14743287
Fedora 26 released;6;1499782096;34;gtirloni;14744279
In Blow to Tech Industry, Trump Shelves Startup Immigrant Rule;3;1499784171;8;aaronbrethorst;14744560
Show HN: Xcessiv – Fully managed web application for automated machine learning;4;1499775799;162;reiinakano;14743513
ES2017 (ES8) released;3;1499785691;3;samerbuna;14744783
Transit Detection of a Starshade at the Inner Lagrange Point of an Exoplanet;3;1499784643;25;sanxiyn;14744636
MDN’s new design is in Beta;3;1499786533;10;omnifischer;14744919
Bind broker;3;1499786776;7;donmcc;14744961
Hard Drive Cost per Gigabyte;4;1499785855;26;ingve;14744807
How to actually get a remote job as an intermediate developer?;4;1499786889;11;kinetik-pro;14744976
Violent maintainer should be removed from project;4;1499787326;6;nzhkr;14745027
Ethereum dips below $200;5;1499786450;30;gamesbrainiac;14744909
Cofactor Genomics (YC S15) Is Hiring a Lead Generation Specialist;1;1499789522;0;davemessina;14745339
Russian Dirt on Clinton? ‘I Love It,’ Donald Trump Jr. Said;5;1499791115;13;parfit;14745608
Intel Xeon Scalable Processors;3;1499790106;32;rbanffy;14745430
Is Ruby Too Slow for Web-Scale?;4;1499792275;22;nateberkopec;14745790
Trying to build a web scale semantic image search. Anyone wants to hack with me?;6;1499791662;33;deepmike;14745691
Beating the Future of Tech Job Automation with “Re-Skilling”;3;1499793532;11;Katydid;14745981
All US doctors ordered by their opioid prescription count;3;1499794117;4;ransom1538;14746070
Students Are Better Off Without a Laptop in the Classroom;4;1499792439;32;thearn4;14745812
Safes are not bad for entrepreneurs;4;1499794446;2;janober;14746115
The most comprehensive guide for targets of sexual harassment;8;1499793544;18;gchoi;14745987
%5 of doctors prescribe %60 of all opioid prescriptions;3;1499793362;22;ransom1538;14745961
Cloudflare’s fight with a “patent troll” could alter the game;6;1499793173;27;Stanleyc23;14745936
Sizing Up Servers: Intel's Skylake-SP Xeon versus AMD's EPYC 7000;4;1499793985;20;zdw;14746055
Pentagon Tiling Proof Solves Century-Old Math Problem;3;1499795177;23;petethomas;14746233
Launch – .NET Core Support in AWS CodeStar and AWS Codebuild;5;1499786108;177;janober;14744856
Visual Studio Code 1.14 released;8;1499795444;31;lobster_johnson;14746280
Scaling Dedicated Game Servers with Kubernetes: Part 2 – Managing CPU and Memory;3;1499791764;97;markmandel;14745708
Google bans its ads on sites that use those annoying ‘pop-unders’;3;1499794865;71;janober;14746185
Are You Ready to Consider That Capitalism Is the Real Problem?;7;1499796898;40;Fripplebubby;14746555
How to GraphQL – The Fullstack Tutorial for GraphQL;25;1499794804;75;sorenbs;14746169
Why Single-Payer Health Care Saves Money;3;1499799692;9;frgtpsswrdlame;14746987
Paying Professors: Inside Google’s Academic Influence Campaign;13;1499787069;224;NN88;14744997
JDK 9: Pitfalls for the Unwary;3;1499798908;30;Randgalt;14746869
Why Did It Take Devuan Two Years to Replace Systemd?;3;1499798133;45;buttcake;14746756
Slack Announces 7 New Slack Fund Companies;15;1499799586;30;keithwhor;14746966
Algoriz (YC W17) Is Hiring Lead Engineer in New York;1;1499801433;1;soraya;14747243
Saying Sorry When Things Go Wrong [pdf];3;1499798933;62;DanBC;14746873
Dropbox Drops Photo Galleries, Leaving Users to Copy Files and Buy More Storage;4;1499803304;29;intherdfield;14747526
A group of Twitter users is suing Trump for blocking them;4;1499806326;16;janober;14747948
How Discord Scaled Elixir to 5M Concurrent Users;5;1499806913;10;b1naryth1ef;14748028
Why Won’t China Help with North Korea? Remember 1956;2;1499803180;74;kawera;14747498
Facebook to Show Ads on Messenger to Bolster Revenue Growth;4;1499807548;12;JumpCrisscross;14748129
Taking control of all .io domains with a targeted registration;1318;1499703750;2277;koenrh;14737322
An Illusion of mastery;3;1499839216;21;daegontaven;14750436
TheMednet (YC W17), a Quora for medicine, is hiring a full stack engineer in NYC;1;1499841045;1;shousri;14750546
Scaling Dedicated Game Servers with Kubernetes: Part 2 – Managing CPU and Memory;44;1499791764;840;markmandel;14745708
Toward a Reasonably Secure Laptop;291;1499772729;1160;doener;14743238
The end of the internet startup;3;1499841840;26;dennybritz;14750607
Exotic Data Structures (2011);260;1499762545;1417;panic;14742534
JDK 9: Pitfalls for the Unwary;78;1499798908;841;Randgalt;14746869
A Huge Diamond Mine That Helped Build The Soviet Union (2014);115;1499772233;1286;mitul_45;14743196
Monzo Lost £6.7M Last Year: And This Should Terrify Traditional Banks;3;1499850224;6;benjaminwootton;14751092
Battle for the Internet;3;1499842210;157;anigbrowl;14750627
ES6 in Depth: Symbols;3;1499852583;9;fanf2;14751238
Owl – An OCaml Numerical Library;4;1499852533;13;jimyl;14751236
Giant Antarctic iceberg breaks free of Larsen C ice shelf;3;1499851285;70;okket;14751153
Microsoft's Calibri font is at the center of a political scandal;5;1499854797;22;okket;14751358
Ask HN: How to unlearn the bad habit of instant gratification?;3;1499856174;28;sidcool;14751439
Dotty 0.2.0-RC1: new optimizations, improved stability and IDE support;6;1499858829;16;darkdimius;14751594
GiveCampus (YC S15) hiring engineers passionate about education in DC and SF;1;1499859882;1;mkong1;14751682
You can now find unused JS/CSS with Chrome Developer tools;4;1499860633;31;HearMeRoar;14751741
How MTA shut down my side project;3;1499862233;39;zavulon;14751871
Hack PR removed the article about “hacking Reddit”;4;1499864030;22;ignawin;14752054
The “My favorite position is CEO” t-shirts at Asia’s tech conference;4;1499866280;21;urahara;14752330
Build your own Game Engine, but don't even think about using it;3;1499864619;50;majikarp;14752123
I Am Graphics and So Can You;3;1499856901;179;ingve;14751472
Google to patent technology specifically made public so that nobody patents it;3;1499863301;73;dvfjsdhgfv;14751977
27000 errors in the Tizen operating system;3;1499867088;10;matthewwarren;14752446
The Strange Loop in Deep Learning;3;1499864872;51;hexrcs;14752154
The Facebook Algorithm Mom Problem;3;1499866675;22;pmlnr;14752392
How to turn your website into a Progressive Web App;3;1499867913;11;mxbck;14752542
How I made my own VPN server in 15 minutes;3;1499867223;23;acjohnson55;14752455
Full Text of the Emails Between Donald Trump Jr and Rob Goldstone;5;1499857723;189;vignesh11000;14751532
Ask HN: Those making over $1K/month on side projects, what did you make?;6;1499865270;65;kashifzaidi1;14752196
Ask HN: Why is Bluetooth so unreliable?;1;1499869440;2;whitepoplar;14752719
Photos: Life inside of China’s massive and remote Bitcoin mines;3;1499863281;104;urahara;14751971
Humans want equality – as long as the rich stay rich and the poor stay poor;5;1499863202;106;urahara;14751963
Finding Andy Cunningham;3;1499862245;151;janober;14751872
A Call for Candidates;6;1499870171;25;whbk;14752832
What convinced the Surpreme Court to take Wisconsin gerrymandering case?;4;1499863107;170;fritzw;14751953
Why you should, actually, rewrite it in Rust;6;1499872278;26;JoshTriplett;14753201
Online PSD to Sketch file converter;4;1499873948;14;helloiamvu;14753442
First Object Teleported from Earth to Orbit;4;1499872802;39;jcater;14753287
Sixth mass extinction: The era of ‘biological annihilation’;3;1499874798;6;dlgnaturals;14753548
Battle for the Net: Support Net Neutrality;5;1499874990;4;rglullis;14753585
Firefox secretly tracks users with Google Analytics in the addon settings;3;1499874785;7;kuschku;14753546
Tribology at Work on the Strings;3;1499856120;319;tribonet;14751435
Some Uber drivers make so little, they have to live in their cars;3;1499875780;5;palidanx;14753711
What Happened to the Hacker News Colour Scheme?;6;1499876120;11;CM30;14753764
Gerard ’t Hooft: How to Become a Good Theoretical Physicist;5;1499854464;378;seycombi;14751340
Does my site need https?;7;1499877480;26;snake117;14753993
Dutch app gives elderly pedestrians extra crossing time at traffic lights;4;1499873496;93;kawera;14753388
Smarking (YC W15) Is Hiring Sr. Software Engineer in SF;1;1499879222;2;sangwen;14754287
How to build a JavaScript package manager;8;1499873916;92;cpojer;14753438
America’s economic engine is losing steam;3;1499879556;2;prostoalex;14754342
Ask HN: What feature would you want the web to “force” next, after HTTPS?;3;1499878409;24;chiefofgxbxl;14754167
Scientists Design Solar Cell That Captures Nearly All Energy of Solar Spectrum;5;1499878763;21;3eto;14754219
Google wins challenge against 1.1B euro French tax bill;3;1499881068;10;perseusprime11;14754608
Net Neutrality Day of Action: Help Preserve the Open Internet;3;1499881885;16;ghosh;14754772
Congressman Sherman Introduces Article of Impeachment: Obstruction of Justice;3;1499882822;12;okket;14754952
Visa to Pay Restaurants to Stop Taking Cash;2;1499883332;21;prostoalex;14755034
Blind Expands Its Anonymous Community to Everyone in Tech;10;1499882783;33;manuferrum;14754944
Native Directory: a curated list of 250 React Native libraries;10;1499884309;18;dikaiosune;14755192
Make Hacker News Your Facebook Newsfeed;6;1499884443;21;slammmm;14755217
ZFS Is the Best Filesystem (For Now…);6;1499882205;69;ingve;14754829
Kill Your Ego to Achieve Software Success;8;1499872172;248;wayofthesamurai;14753177
Building Your Own Neural Machine Translation System in TensorFlow;8;1499884507;43;dsr12;14755227
A Kingdom for a Horse: Kokpar and the Future of Kazakhstan;3;1499703219;3067;Thevet;14737232
Encoding of a digital movie into the genomes of a population of living bacteria;4;1499885756;26;skosuri;14755429
The Complexity of Human Computation: A Concrete Model [pdf];4;1499883694;61;Katydid;14755096
The journey from giving up React.js in favor of Vue.js;3;1499887728;7;rhetina;14755784
Introducing Backup and Sync for Google Photos and Google Drive;5;1499886827;32;eknight15;14755646
Project Lamdu: A Live Programming Environment and Language;3;1499881796;123;telekid;14754746
The half a page Nobel Prize paper about the existence of the Neutron (1932);5;1499880347;156;mgdo;14754464
Show HN: A search engine powered by Jimmy;7;1499878126;207;jimmified;14754107
ClojureScript Is Not An Island: Integrating Node Modules;16;1499881098;158;swannodette;14754614
How Discord Scaled Elixir to 5M Concurrent Users;751;1499806913;1457;b1naryth1ef;14748028
NYU releases the largest LiDAR dataset ever to help urban development;7;1499883366;185;janober;14755039
Ask HN: What feature would you want the web to “force” next, after HTTPS?;18;1499878409;290;chiefofgxbxl;14754167
LendUp (YC W12) is hiring developers to help create financial inclusion;1;1499895817;1;rowborg;14756968
After big layoffs SoundCloud founder says its strategy is to ‘take back control’;3;1499871875;415;weitingliu;14753125
ProcOS: scheduling atop Unikernels;3;1499897069;30;akkartik;14757079
Why I Don’t Regret Moving Our Android App to Scala;3;1499897722;29;walkingolof;14757148
Ask HN: How often do you experience self-control issues?;5;1499894971;121;basdevries;14756867
Authentication Bypass on Uber’s Single Sign-On via Subdomain Takeover;4;1499894761;125;Artemis2;14756830
Disneyland raised prices to shorten waits. Here are the results;3;1499902977;11;t23;14757629
The Long, Lonely Road of Chelsea Manning;4;1499905116;22;DiabloD3;14757811
I reverse-engineered the Starbucks ordering API;4;1499903727;50;nickplee;14757687
JunoCam: Processing Mission Juno;4;1499906612;6;kafkaesq;14757941
Suiteness (YC S16) is looking for an controlling controller;1;1499909944;1;killion;14758167
Free Microsoft EBook Giveaway ( Approx. 300 Books);4;1499906944;51;dabber;14757971
Getting Started with Event Sourcing in Postgres;4;1499909526;28;srt32;14758140
35+ Tools to Help to Convert Idea into Product Launch;4;1499909613;44;geekflare;14758147
The Audi A8 will be the first production car to reach level 3 autonomous driving;3;1499911442;14;wallst07;14758240
Announcing Babylon.js 3.0;6;1499909713;47;stablemap;14758153
Pomperipossa in Monismania: a true tale of a 102% tax rate in Sweden;3;1499909762;66;georgecmu;14758158
Historic day of action for Net Neutrality breaks records;5;1499909875;65;sinak;14758164
Ask a Repair Shop;3;1499915120;13;liquidcool;14758433
Dev Bootcamp is shutting down;6;1499913812;44;Techowl;14758364
Dev Bootcamp Shutting Down;3;1499917355;10;yaks_hairbrush;14758545
Behind the scenes with Tezos, a new blockchain upstart;3;1499916666;32;janober;14758516
Blood from young animals can revitalise old ones;4;1499915142;57;JumpCrisscross;14758435
Unix Time 1,500M – Friday July 14 02:40GMT;2;1499918917;2;andreasklinger;14758615
Bitcoin – Potential Network Disruption on July 31st;6;1499918315;16;amdixon;14758587
10 Chinese Megacities to See Before You Die;4;1499918277;69;sndean;14758585
The long arrow operator in C++;3;1499921051;33;santaclaus;14758784
Drchrono Is Hiring for Business Development;1;1499923240;1;d8niel;14758910
United Airlines piloting technology to manage the problem of oversold flights;3;1499921023;65;tomhoward;14758777
The simplest and smallest (1kB) WYSIWYG text editor for web;3;1499930183;15;thmslee;14759352
Package Management: Stop Using Version Ranges;3;1499929801;25;kiyanwang;14759329
Pragmatic Functional Programming;10;1499929206;87;tosh;14759287
Join the Marketing Team at Panorama Education (YC S13) – Boston;1;1499935084;1;aefeuer;14759694
Intuition behind permutations and combinations (2016);62;1499865765;1256;smithsmith;14752262
Pragmatic Functional Programming;19;1499929206;198;tosh;14759287
Tim Berners-Lee Sells Out His Creation: Officially Supports DRM in HTML;17;1499928087;236;joseluisq;14759219
How can I reach from 100 views per day to 10000 views per day on website?;3;1499943800;2;hemen;14760269
Should I invest in startup or in crypto currencies?;3;1499944157;3;hemen;14760300
How Discord Scaled Elixir to 5M Concurrent Users;763;1499806913;2311;b1naryth1ef;14748028
Uber Cedes Russia to Yandex with $3.7B Merger Agreement;3;1499945549;7;OoTheNigerian;14760423
Jimmy Carter Builds 1.3 Megawatt Solar Farm for His Hometown (Feb 2017);3;1499945613;10;Jaruzel;14760427
'Living Drug' That Fights Cancer by Harnessing Immune System Clears Key Hurdle;3;1499949075;28;daegloe;14760701
Fiery: flexible and lightweight framework for building web servers in R;4;1499947054;63;rexercises;14760541
High Expectations for Low Precision at CERN;3;1499949346;46;rbanffy;14760722
Zuckerberg couldn't buy Snapchat years ago, and now he's close to destroying it;3;1499950591;33;IsaakTech;14760840
NASA says it doesn't have funds to reach Mars, open to Moon base instead;3;1499952692;7;chha;14761038
The man who takes a plane to work every day;4;1499943016;177;zegl;14760210
Amazon AI Designed to Create Phone Cases Goes Hilariously Wrong;3;1499950700;53;doener;14760852
The language of choice;3;1499945577;142;panic;14760425
The Lost Art of Manually Calculating Square Roots;15;1499924864;490;sohkamyung;14759001
Show HN: Turn your JavaScript code into emoji using Webpack;5;1499951186;55;mechazawa;14760895
AMD Threadripper 1920X and 1950X CPUs: 12/16 Cores, 4 GHz Turbo, $799 and $999;5;1499953735;15;zdw;14761155
PlanGrid (YC W12) Is Hiring Back End, DevOps, Machine Learning Engineers and More;1;1499955028;1;tyoung;14761368
University of Waterloo Systems Design Engineering 2017 Class Profile;4;1499953786;25;joeyloi;14761166
Scientists have inserted a GIF of a horse into living bacteria;4;1499945022;182;spektom;14760375
Hacker News 500 (newsyc500);3;1499956353;10;JoshTriplett;14761538
Show HN: Ancap News, a Chrome/FF extension to bring out HN's true colors;6;1499956134;28;cemerick;14761513
Inventing the Recording;3;1499955370;42;tintinnabula;14761415
The 1863 edition of the “Dictionnaire Infernal” is the stuff of nightmares;3;1499958515;21;prismatic;14761900
Multi-Dimensional Analog Literals;3;1499948569;188;grimgrin;14760656
Segment raises $64m led by Y Combinator;5;1499958955;16;gwintrob;14761977
The Pop-Up Employer: Build a Team, Do the Job, Say Goodbye;3;1499954686;88;dpflan;14761310
Show HN: Tesults – Test results reporting for teams;3;1499795807;2758;ajeet_dhaliwal;14746348
Interactive Go REPL;3;1499957851;58;blacksmythe;14761788
Liu Xiaobo, Nobel laureate and political prisoner, dies at 61 in Chinese custody;5;1499957277;68;wyuenho;14761686
Comparison of AArch64 Dynamic Binary Modification Tools;3;1499934728;449;68c12c16;14759659
Amazon may give developers your private Alexa transcripts;3;1499962223;8;okket;14762503
Man trapped in Texas cash machine sends 'help me' notes;4;1499960538;39;andygambles;14762224
Show HN: Proof Companion- Geometry proof practice for students;3;1499948947;244;neap24;14760687
Ask HN: How best to report phishing emails to a domain holder?;4;1499959487;84;Swinx43;14762065
Should we build lots more housing in San Francisco? Reasoning for and against;3;1499959569;88;Osiris30;14762079
I wrote a Chrome extension that intercepts all form submissions on all websites;4;1499957655;121;agjmills;14761753
China may match or beat America in AI;4;1499959599;92;edward;14762084
Show HN: Unity 3d Neuroevolution Flappy Bird;3;1499957784;126;galleanv;14761772
Marc Andreessen answers questions from Stripe Atlas founders;2;1499958006;125;darwhy;14761814
Toward Go 2;6;1499966216;6;dmit;14763111
Ask HN: Why don't we have tags on HN?;3;1499964968;38;yawz;14762904
Liu Xiaobo, Chinese Dissident Who Won Nobel While Jailed, Dies at 61;3;1499961171;110;stablemap;14762321
It Turns Out, 2017 Is the Year of Simply Secure PHP Cryptography;3;1499968271;7;CiPHPerCoder;14763481
What libraries lost when they threw out the card catalog;4;1499920068;825;diodorus;14758707
Whatsapp sells your data if necessary;5;1499969475;14;tuyguntn;14763701
Show HN: 15-question language identification quiz;5;1499968906;27;DanielDe;14763591
Etleap Is Hiring Data Engineers to Build Next-Gen ETL;1;1499971094;0;romming;14763933
Sourced Adventures – Adventure Travel Startup ($125,000/mo);3;1499970278;28;urahara;14763831
Using Deep Learning to Create Professional-Level Photographs;4;1499970091;34;wsxiaoys;14763802
MIT Bitcoin study shows value of exclusive access for early adopters;5;1499969267;49;InInteraction;14763660
5 things to know about the iceberg;3;1499971919;10;nature24;14764043
Improving air conditioner efficiency will reduce worldwide temps by 1ºC by 2100;3;1499974093;6;aaronbrethorst;14764391
Need a Crash Course in Stoicism?;5;1499971327;79;donjohnr;14763962
Computer Vision Using Nodejs: Live Webcam Face Detector;3;1499971064;85;codeforgeek;14763927
Seven lessons I learned teaching data analysis with Python;5;1499966618;161;palewire;14763183
Potential Presidency for Zuckerberg?;3;1499975984;23;BrahamMehta;14764651
Freenode Live Call for Proposals and early bird tickets launch;6;1499977122;10;abstractbeliefs;14764799
How CircleCI Processes 4.5M Builds per Month – | StackShare;3;1499977445;13;emidln;14764842
Radiohead hides 8-bit secret message in the remastered version of OK Computer;5;1499976887;45;microwavecamera;14764764
Cover (YC W16) Raises $8M Series A;17;1499977838;30;austenallred;14764894
Countdown to timestamp 1,500M (5hrs remains);4;1499979706;7;nitramm;14765198
Consolidating the Linux Desktop App Story: An Idea;3;1499974058;112;jonobacon;14764378
“You filthy-minded little pervert” error when registering obscene .to domains;3;1499977752;56;runnr_az;14764880
Unix time turns 1500000000 today;10;1499975028;102;dheera;14764504
Antonio Ropero Has Died. Virus Total Acquired by Google, and Hispasec, Cofounder;2;1499980839;6;notspanishflu;14765351
Net-glimps: A little tool for network traffic visualization;3;1499980412;23;madsen954;14765306
Localtunnel exposes your localhost to the world for easy testing and sharing;3;1499977830;80;cond289123;14764893
What Dog Shootings Reveal About American Policing;3;1499981790;26;curtis;14765479
OneMonth.com (YC S13) Learn to Code in 30 Days Is Hiring a Product Designer;1;1499983560;1;castig;14765709
Show HN: (sukhoi) Flexible and extensible Webcrawler in python;3;1499983781;34;iogf;14765742
Why the First Complete Map of the Ocean Floor Is Stirring Controversial Waters;3;1499985595;24;Mz;14765931
Real System Failures;3;1499984813;41;nz;14765868
Welcome to password creation hell;3;1499983748;102;CarolineW;14765737
The Best Free Machine Learning Content on the Web;6;1499976413;254;RobbieStats;14764700
I Built a Stable Planetary System with 416 Planets in the Habitable Zone;15;1499972393;341;elorant;14764125
Why Can’t Americans Get a Raise?;9;1499990445;53;drewrv;14766375
My Father’s Weakness for Beer Never Lessened His Strengths;3;1499994569;29;DiabloD3;14766695
Zinc Platform (YC W17) Is Hiring Developers, Sales Dev Reps and Designer in NYC;1;1499996302;1;rtelahun;14766787
Analysts Call BS on IBM's Watson;3;1499996396;15;code4tee;14766793
A Grand Unified Theory of Avocado Toast;3;1499997183;24;hprotagonist;14766833
Alibaba Cloud;4;1499998079;58;paulmach;14766889
Volantio is hiring Senior Engineers to help make the travel industry better;1;1500008767;1;Fenn;14767610
Reverse Engineering One Line of JavaScript;5;1500005319;70;akras14;14767388
Radiohead album hides an app that only runs on an '80s computer;4;1500006414;52;usuallymatt;14767471
New – Next-Generation GPU-Powered EC2 Instances (G3);5;1500009546;117;janober;14767682
Second Measure is hiring engineers and scientists to analyze billions of purchases;1;1500021787;0;mikebabineau;14768442
Who moved my cheese, 1Password?;15;1499999114;456;danso;14766966
Show HN: CheerpJ JavaFiddle: run any Java in the browser (Console/AWT/Swing);6;1500023169;126;apignotti;14768527
Redis on the Raspberry Pi: adventures in unaligned lands;6;1500026548;82;bjerun;14768694
Ravens can plan for future as well as 4-year-old children can;4;1500030784;48;16961714b;14768915
What if the singularity is all bullshit?;9;1500026328;136;errkk;14768685
How AI is outpacing humans;8;1500035659;7;kushankpoddar;14769248
Show HN: Write your Privacy Policy once and export to multiple languages;3;1500035606;16;marco1;14769244
Invisible unicorns: 35 big companies that started with little or no money;3;1500028081;157;vinnyglennon;14768761
Enter a pair of names to see if any intersections in the US match those names;3;1500035912;33;eddyg;14769275
Making $0 in Sales in 31 Days;4;1500035292;45;MasterScrat;14769216
Generating Images in JavaScript Without Using the Canvas API;3;1500033103;84;petercooper;14769074
Show HN: 100 best Python books, categorized and ranked;5;1500036319;33;gh1;14769317
12 Tools for Terminal Users;4;1500036845;29;epstein43;14769384
Hacker's guide to Neural Networks;3;1500038296;8;catherinezng;14769525
Oculus Rift and Touch receive yet another price cut, now just $499;3;1500037267;29;janober;14769430
Universal Now: Now, on Every Cloud;3;1500036394;49;sorenbs;14769332
BloomAPI (YC W17) Is Hiring to Build the Repository of Health Data in Seattle;1;1500039792;0;mwasser;14769697
A Quantum Computer Foundation for the Standard Model and SuperString Theories [pdf];4;1500036062;79;lainon;14769295
Redis 4.0 GA;3;1500040373;10;fs111;14769762
The Decline of Marriage;7;1500034195;115;renegadesensei;14769142
How Concentration camps reveal the nature of the modern state;3;1500039675;24;urahara;14769688
The Hard Thing About Software Development;3;1500038893;50;bcl;14769584
Massive balloons help polar scientists build underground tunnels;3;1500035121;124;rhapsodic;14769205
Tania – PHP-based free and open source farming management system;6;1500034383;140;buovjaga;14769150
Generating Images in JavaScript Without Using the Canvas API;6;1500033103;173;petercooper;14769074
Subscription Psycho: A Critical Analysis of the Subscription Economy;4;1500028182;261;BuleBule;14768768
Building an Ecommerce Site Is No Longer Time-Consuming and Costly;4;1500042636;23;eweev;14770054
Why Jupiter’s Great Red Spot Refuses to Die;4;1500027834;285;dnetesn;14768745
What to know when your car is melted by 7,500 pounds of slime eels;3;1500044684;7;xbmcuser;14770308
Scrap dealer finds Apollo-era NASA computers in dead engineer’s basement;4;1500044327;28;pinewurst;14770248
An Interactive Database Helps You Explore the Art of Soviet Children’s Books;3;1499975655;1181;lermontov;14764606
Jamie Dimon blows up at DC's dysfunction;3;1500045714;17;clebio;14770479
Ask HN: Any “bootcamps” or courses for intermediate/advanced people?;4;1500046022;28;sotojuan;14770521
Why the Post Office Gives Amazon Special Delivery;8;1500038191;166;petethomas;14769516
Joyce in Court and the Ulysses Trials review – the law, murder and obscenity;3;1500006605;697;pepys;14767483
Ask HN: Missing FCC comments?;5;1500045925;54;godelski;14770503
Q&A with YC Partners at the Female Founders Conference [video];4;1500042439;130;craigcannon;14770033
Yanni sings (Erlang);3;1500050033;5;_nato_;14771104
Juicero Plans to Lower Prices and Cut 25% of Staff;5;1500049891;25;danso;14771084
The Weird Scientific Illustrations That Shaped Pop Culture;3;1500007733;739;benbreen;14767541
Show HN: Quilt – manage data like code;5;1500052577;11;akarve;14771406
Airbnb host must pay $5,000 for canceling reservation based on race;5;1500050127;53;Geekette;14771114
What Time Is It When You Try to Pass Through “A Wrinkle in Time”?;3;1499991789;1038;samclemens;14766487
How to access a PayPal business account from any country;5;1500053129;25;p17b;14771497
Clear Genetics (YC W17) is hiring full stack engineers (SF or remote);1;1500055582;0;guysnir;14771892
Globalisation: the rise and fall of an idea that swept the world;7;1500018007;632;lemming;14768206
I'm a founder in the current Y Combinator batch, Ask Me Anything!;3;1500054468;27;crispytx;14771708
Deep Learning Made Simple [Part 1];5;1500055448;13;vpanyam;14771871
Selenium with Headless Chrome on Travis CI;3;1500053745;42;amihaiemil;14771595
The Decline of the Rogue Employee: Utilizing Behavioral Trends;3;1500052587;61;Teramind;14771410
Ajit Pai not concerned about number of pro-net neutrality comments;8;1500055031;30;AdmiralAsshat;14771810
Ask to Contribute to Open source as your technical interview;10;1500055001;33;Callicles;14771806
TLDR Programming;9;1500055166;35;grayprog;14771830
Train a Face Recognition Model to Recognize Celebrities;5;1500053196;72;mikeyanderson;14771504
Double Shift: schooling Syria’s child refugees;3;1500010885;782;sohkamyung;14767767
Rocket, Rust Web Framework, v0.3: Fairings, TLS, Private Cookies;11;1500057595;28;sbenitez;14772185
The Vatican's Latinist;3;1500040340;324;jthnews;14769758
Cracking the code behind Apple’s App Store promo card design;4;1500057451;52;reklawnos;14772169
California Supreme Court Moves to Make Bar Exam Easier to Pass;3;1500060424;8;JumpCrisscross;14772479
How Do Venture Capitalists Make Decisions?;2;1500035355;439;abuteau;14769221
The Internet of Things – A Disaster;3;1500060821;22;stock_toaster;14772530
I mean, why not tell everyone our password hashes?;4;1500060968;21;jorkro;14772547
OpenGov Got Seat at White House Roundtable and Is Part-Owned by Kushner Family;3;1500062126;3;masondixon;14772686
BetterWorks and CEO sued by ex-employee for alleged sexually suggestive assault;4;1500062045;24;janober;14772676
Déjà vu: Fast efficient probabilistic deduplication, enjoy;4;1500061912;44;f483;14772661
Screenshots;14;1500060499;69;okket;14772491
Google is releasing 20M bacteria-infected mosquitoes in Fresno;3;1500064239;11;chriskanan;14772926
Weird website with cool music to cure your boredom;3;1500061088;79;optikals;14772564
YC is compiling a blacklist of venture capitalists accused of harassing women;4;1500065831;6;sandmansandine;14773106
Uber Backers Discuss Stock Sale to SoftBank, Others;3;1500064741;31;petethomas;14772980
Tru Life: How Truman Capote Became a Cautionary Tale of Celebrity Culture;3;1500053974;223;benbreen;14771631
Ask HN: Does HN store IP addresses to identify users?;3;1500066909;15;forgottenacc57;14773242
AMD Threadripper prices undercut Intel's Core i9 by as much as $1,000;7;1500067340;20;doener;14773298
Every 3 minutes someone starts a remodel on BuildZoom. We are hiring all roles;1;1500069709;1;the_economist;14773553
Erlang NOTP: a middle way;3;1500069227;20;setra;14773492
California Today: A Spreading ‘Yimby’ Movement;4;1500066573;89;sethbannon;14773195
Angular 4.3 Now Available;3;1500072248;9;janober;14773794
Writing RNNs in tensorflow;3;1500071034;31;jacobianjacob;14773689
Gpu.js – GPU Accelerated JavaScript;3;1500074050;14;olegkikin;14773964
UK has best health system in developed world, US analysis concludes;4;1500072983;38;DanBC;14773864
Activity inequality;4;1500074621;28;mgalka;14774013
Computation in Physical Systems;3;1500072370;78;lainon;14773808
Microsoft Seeing AI App for IOS;3;1500076371;15;kmather73;14774167
White House releases personal info of voters who emailed election commission;4;1500073710;63;nnf;14773935
Path Guide: A New Approach to Indoor Navigation;4;1500072784;88;petethomas;14773848
Daimler Uses Blockchain to Issue Bonds;3;1500077445;14;caublestone;14774263
Claude Shannon at Bell Labs;5;1500076334;60;woodandsteel;14774163
Rank-reversal aversion may be causing more social problems than we realize;6;1500074727;112;pmoriarty;14774022
PicnicHealth (YC S14) wins Google's machine learning competition – we're hiring;1;1500081620;0;troyastorino;14774511
50 days of postmarketOS (Linux distro on smartphones);4;1500084611;88;ollieparanoid;14774655
Australian PM Calls for End-To-End Encryption Ban;10;1500087449;72;theunamedguy;14774817
Even after cutting staff, SoundCloud only has enough money for 50 more days;6;1500086810;83;chipperyman573;14774794
Help millions of US K-12 students use software at Clever (YC S12);1;1500094086;1;greattypo;14775083
Trump Administration to Slash Green Cards by 50%, Affecting H1-B/EB;4;1500091668;105;xbeta;14774991
Tardigrade water bears could survive 10B years, astrophysicists claim;4;1500087487;189;happy-go-lucky;14774819
VISA offers restaurants $10,000 to stop accepting cash;4;1500097828;22;lando2319;14775200
Liu Xiaobo – I Have No Enemies: My Final Statement;3;1500098731;12;z3t1;14775229
Show HN: Eul – a lightweight desktop client for Skype, Slack, Gmail, and more;37;1500144723;766;alex-e;14778263
Google is releasing 20M bacteria-infected mosquitoes in Fresno;493;1500064239;2113;chriskanan;14772926
The Man Who Helped Facebook Bring Snapchat Down to Its Knees;74;1500143907;904;danso;14778174
Scale API (S16) Is Hiring ML Engineers, Sales, and BizOps;1;1500200735;1;ayw;14781386
Terrifying visualization of Airbnb in Amsterdam;4;1500197020;63;joshschoen;14781253
No encryption was harmed in the making of this intercept;4;1500200730;70;Khaine;14781384
How economics became a religion;3;1500201678;64;ingve;14781426
Entrepreneur Musk lobbies for government control of AI programs;4;1500205359;111;baybal2;14781592
Ravens attribute visual access to unseen competitors;4;1500160263;905;Hooke;14779617
Am I seeing corruption on Google Play? How's this possible – legal?;4;1500198246;274;vitovalov;14781294
The Lawyer, the Addict;31;1500141013;1228;jejune06;14777919
Ask HN: Would you want to sell code of complete websites?;54;1500156655;967;CAFEEFAC;14779288
Gpu.js – GPU Accelerated JavaScript;298;1500074050;2344;olegkikin;14773964
Data Science: Performance of Python vs. Pandas vs. Numpy;109;1500102003;1880;lukasz_km;14775395
Ask HN: How do you manage your daily non-work related tasks?;3;1500213304;27;yotamoron;14781965
China mall introduces 'husband storage' pods for shopping wives;4;1500211002;67;vezycash;14781862
How ready is the U.S. for a North Korean missile attack?;3;1500214000;22;JumpCrisscross;14782001
Creation and consumption;3;1500142047;1242;avyfain;14778021
ZeroPhone: a phone for tinkerers and hackers using a Raspberry Pi;3;1500215875;23;tomrod;14782127
As opioid overdoses exact a higher price, communities ponder who should be saved;4;1500214746;45;jseliger;14782041
Reverse Engineering a 433MHz Motorised Blind RF Protocol;8;1500193940;392;wolframio;14781133
Fair Representation Act (HR 3057);3;1500217035;10;0x45696e6172;14782224
Rationalism vs. Empiricism;3;1500044341;2901;lainon;14770251
Kindness is Underrated;5;1500217823;18;hengputhireach;14782294
Mageia 6 has been released;4;1500215378;69;Conan_Kudo;14782089
Remacs – A community-driven port of Emacs to Rust;3;1500219019;11;sndean;14782380
Amazon possibly working on new stand-alone messaging app called Anytime;4;1500217300;46;doener;14782241
Drip Irrigation Design Guidelines;3;1500217383;47;bryanrasmussen;14782250
Luther's Theses and the Role of the Printing Press [audio];3;1500134402;1432;brudgers;14777304
Ask HN: What tasks do you automate?;5;1500218435;33;flaque;14782332
OpenBSD on the Huawei MateBook X;3;1500219769;15;ryanmaclean;14782435
Object-relational impedance mismatch;4;1500217674;51;amirouche;14782280
It’s 2017, and women still aren’t being funded equally;5;1500215466;97;janober;14782099
The real reason women freeze their eggs;4;1500216073;90;urahara;14782149
Mino Games (YC W11) is hiring gameplay programmers in Montreal;1;1500221511;0;joshbuckley;14782583
Death to C, ++;6;1500210067;200;janober;14781801
The future is in the Moon;3;1500172104;836;pepys;14780180
Customizing My Postgres Shell;4;1500220772;32;craigkerstiens;14782522
Tesla Solar Roof;3;1500222879;10;spking;14782738
Defeating MAC Address Randomization Through Timing Attacks [pdf];3;1500223336;7;wglb;14782777
The Resilience of Life to Astrophysical Events;4;1500086152;2300;sndean;14774763
The Minimally-Nice Open Source Software Maintainer;3;1500223882;10;JoshTriplett;14782841
What makes maths beautiful?;3;1500181405;745;Hooke;14780577
McKinsey report: State of AI in 2017;3;1500225628;9;matco11;14783025
End to End Machine Learning Pipeline Tutorial;4;1500211553;256;tancik;14781888
The Crazy Security Behind the Birth of Zcash, the Inside Story;3;1500217151;186;soneca;14782232
Things I wish someone had told me before I started angel investing;3;1500228193;4;lisper;14783279
Show HN: Multiplayer game to help non-native English speakers improve vocabulary;11;1500224713;68;abhas9;14782936
Ask HN: What do you spend money on that greatly increases your quality of life;23;1500251659;404;johnzimmerman;14784869
Drip Irrigation Design Guidelines;164;1500217383;1005;bryanrasmussen;14782250
Ahead-Of-time (AOT) Compiler Designed for Ruby;13;1500235374;706;ksec;14783865
Monolith First (2015);388;1500149448;2143;levosmetalo;14778685
Confession of a C/C++ Programmer;7;1500268855;155;JoshTriplett;14785867
Ask HN: What tasks do you automate?;307;1500218435;1027;flaque;14782332
Show HN: Attempt to map lions to leopards using a CycleGAN;6;1500248461;534;shabeyyub;14784690
Archiveteam are backing up SoundCloud;4;1500278592;49;hunglee2;14786509
Fake Obama created using AI tool to make phoney speeches;3;1500283823;174;mychaelangelo;14786863
GoCardless (YC S11) Is Hiring Software Engineers/SREs/Data Scientists/PMs(London);1;1500294365;0;hirokitakeuchi;14787825
IBM announces z14 mainframe;3;1500293202;39;rbanffy;14787708
Please Prove You’re Not a Robot;3;1500294927;15;Futurebot;14787882
“Spiel des Jahres” winners (board game of the year);4;1500295364;34;bdbm;14787927
PostgreSQL 10 Beta 2 Released;3;1500291944;109;velmu;14787590
Evicted and Abandoned: The World Bank’s Broken Promise to the Poor (2015);3;1500298638;5;Geekette;14788344
Custos is using Bitcoin to turn digital pirates against each other;3;1500297227;29;eddyg;14788164
Confession of a C/C++ Programmer;5;1500294122;86;adamnemecek;14787805
Introducing sphinx-js, a better way to document large JavaScript projects;4;1500279212;337;nachtigall;14786554
Exploiting Alpine Linux;6;1500278205;354;zelivans;14786476
Machine Learning Crash Course: The Bias-Variance Dilemma;3;1500298713;26;Yossi_Frenkel;14788354
Coindash ICO gets hacked, loses 45k ether;6;1500300682;19;seansoutpost;14788620
What are the typical work hours in Silicon Valley?;4;1500297662;69;bubblehack3r;14788218
Why socialism by Albert Einstein (yes the e=mc2);4;1500299654;44;Temasik;14788482
DCompute: GPGPU with Native D for OpenCL and CUDA;4;1500300976;41;ingve;14788664
Content isn't king;2;1500292986;179;mooreds;14787685
Bitcoin Is Having a Civil War Right as It Enters a Critical Month;3;1500300963;60;discombobulate;14788663
The state of Mac gaming;3;1500302444;36;mpweiher;14788862
Everything about React events (with live exercises);3;1500302329;38;jamesknelson;14788848
The Hunting of the SNARK – Zero-Knowledge Proofs Introduction;6;1500300835;64;kobigurk;14788642
Overengineering the Deployment of Static HTML with CI/CD Docker and Kubernetes;4;1500301561;51;mswehli;14788741
Anatomy of an Earworm (2014);3;1500265671;668;shubhamjain;14785655
The standard keyboard (Gboard) on HTC 10 has begun displaying ads;3;1500305370;30;rishabhd;14789444
Blue Apron Plummets After Amazon Files for Meal-Kit Trademark;3;1500305309;37;rayuela;14789429
Scales for building your own slide rule (1999);3;1500223853;1394;Tomte;14782836
Show HN: Unix-like personal webpage;5;1500298102;170;theden;14788274
Virtual Music Box;3;1500296395;208;19870213;14788038
The Secret Shame of Middle-Class Americans;3;1500305305;63;snowmaker;14789428
Linguistics and Programming Languages;3;1500282464;449;rumcajz;14786756
Animating svg with flubber in react;5;1500290034;334;npm_start;14787395
The Limitations of Deep Learning;4;1500310222;8;olivercameron;14790251
The Stars Are a Comforting Constant;3;1500229508;1364;dnetesn;14783385
Ask HN: How much are you earning as a freelance app developer?;3;1500311077;6;cronjobma;14790406
Launch HN: Audm (YC S17) – Longform Magazine Articles in Audio;3;1500310845;15;christianpbrink;14790359
The Sidewalk Pill Peddlers of Port-Au-Prince;3;1500270932;704;happy-go-lucky;14785999
Get eyes in the sky with your Raspberry Pi;4;1500290020;417;alexellisuk;14787394
Formal verification of the WireGuard protocol;9;1500312481;51;zx2c4;14790617
HelloSign Is Hiring Engineers (Elixir or PHP) (San Francisco);1;1500316249;1;burnout1540;14791140
I’ve been a self-employed independent creator for 10 years. I don’t recommend it;3;1500315961;11;imartin2k;14791099
What is Eventual Consistency?;3;1500284875;533;ingve;14786950
How Google Wants to Rewire the Internet;5;1500314863;37;Katydid;14790943
Cybersecurity Humble Book Bundle;3;1500317055;6;ranit;14791255
Two days in an underwater cave without oxygen;6;1500276627;691;Luc;14786358
Processing Emotions;3;1500286405;539;blaze33;14787063
Bitcoin Falls Below $2,000;4;1500316658;51;urahara;14791204
Hacker Proof Code Confirmed;6;1500272032;810;tijs;14786061
A basic lisp interpreter in R;3;1500319508;25;juliuste;14791570
Facets: An Open Source Visualization Tool for Machine Learning Training Data;5;1500315959;86;stablemap;14791098
What if the Web was filesystem-accessible?;12;1500315784;92;azeirah;14791069
Hampton Creek’s Entire Board Leaves Except for CEO;4;1500316374;91;coloneltcb;14791163
Automating the light in my living room;7;1500257136;1092;alewinkler;14785175
Show HN: tttfi – Middleware for IFTTT;3;1500323769;7;kamikat;14792068
Switching to emacs (after 16 years of vim);3;1500317924;105;zeveb;14791355
A decentralized Bitcoin exchange;4;1500323842;9;ColanR;14792071
Bodily maps of emotions [pdf];4;1500286686;628;blaze33;14787092
Nationwide 5G to cover all 24 square miles of San Marino;3;1500319217;87;urahara;14791527
Strange Signals from the Nearby Red Dwarf Star Ross 128;5;1500316281;158;r721;14791143
Time Is Contagious;3;1500285934;674;dnetesn;14787030
Death of a Pig (1948);4;1500308819;324;samclemens;14789985
Low Carb vs. Low Fat Diets;4;1500322782;101;woodandsteel;14791967
Redesigning GitLab's navigation;3;1500326500;47;theoretick;14792363
Show HN: An etcd backed DHCP server;4;1500327847;28;lclarkmichalek;14792526
The Dread Gorgon: The head of Medusa, in myth and in memory;4;1500319680;175;diodorus;14791589
Bright (YC W15) Is Hiring Its First UI/UX Designer in SF or Mexico City;1;1500330376;1;JGreenberger;14792754
California’s Housing Crisis Reaches a ‘Breaking Point’;3;1500326075;86;jseliger;14792318
Interviews with 100x More Productive Programmers;5;1500322157;170;gnocchi;14791907
Ask HN: What's the worst thing your code has done?;12;1500330515;73;Procrastes;14792764
Ask HN: What is preventing rust from replacing c/c++?;10;1500328352;111;bulldoa;14792572
The Cost of a Hot Economy in California: A Severe Housing Crisis;3;1500331215;89;erickhill;14792848
A Free Cryptocurrency Trading Library That Supports 60+ Exchanges;20;1500324564;209;xpl;14792157
Maryam Mirzakhani’s Pioneering Mathematical Legacy;3;1500334567;55;anthotny;14793217
How Uber's Hard-Charging Corporate Culture Left Employees Drained;11;1500334269;97;smb06;14793190
Red 0.6.3;5;1500338556;32;ZenoArrow;14793517
Sketching mountains and coastlines to guide procedural terrain generation;3;1500343073;4;dougb5;14793809
Zapier is hiring a remote infrastructure/devops engineer;1;1500343673;0;bryanh;14793843
Robust Adversarial Examples;3;1500337531;136;eroo;14793415
Alienation 101: On Chinese Students in the American Midwest;3;1500340848;89;sohkamyung;14793690
You can root your Google Wifi router, but you'll need a screwdriver;3;1500347394;8;dabber;14794028
Myspace lets you hijack any account just by knowing the person’s birthday;5;1500312502;599;happy-go-lucky;14790621
Sensible Defaults;5;1500344370;112;amjith;14793876
How the Twitter App Bypasses Paywalls;3;1500352295;30;kevinphy;14794271
Eating Clean is Useless;4;1500354247;27;prostoalex;14794347
Sandbox (YC W17) is hiring engineers to build an app store for banks;1;1500355925;1;skiller3;14794409
Linkarchiver, a new bot to back up tweeted links;3;1500354237;31;luu;14794346
A quick guide to Stripe’s culture;15;1500340091;300;cumulo;14793647
Genetic Programming outperforms Deep Learning at playing Atari video games;5;1500348495;176;sengork;14794091
Android Backdoor GhostCtrl Can Silently Record Your Audio, Video, and More;3;1500356788;47;bmc7505;14794451
Donate Your Voice – Mozilla Common Voice Project;3;1500359827;21;mhr_online;14794654
Things Hackers don’t tell you about Hackathons;3;1500356838;79;vjs3;14794455
Small Reactors Could Kick-Start the Stalled Nuclear Sector;3;1500363873;6;phr4ts;14794922
Go's work-stealing scheduler;7;1500351681;209;signa11;14794244
Fraudsters just stole $7M by hacking a cryptocoin offering;4;1500364998;13;badrealam;14794990
Announcing RethinkDB 2.3.6: the first release under community governance;47;1500322374;744;TheMissingPiece;14791925
Show HN: An API for scraping recipe web pages;3;1500364254;84;brad0;14794949
Gigster (on-demand developer teams) is hiring in sales;1;1500369775;0;rogerdickey;14795274
Jide Ends Development on Android-Based Remix OS;3;1500368625;33;Double_a_92;14795204
Eye in the Sky;3;1500369769;25;jmstfv;14795273
Let’s Build the Tiniest Blockchain;3;1500373098;17;nitramm;14795457
The future of MPC-HC (contributing);12;1500338419;597;dbcooper;14793496
Law enforcement took more stuff from people than burglars did last year (2015);3;1500373823;73;ryan_j_naughton;14795507
Advertising watchdog to get tough on gender stereotypes;5;1500374533;68;AndrewDucker;14795539
Japan's zero-gravity space drone sends first pictures from ISS;3;1500363207;259;urahara;14794885
I Tried Soylent. It Didn’t Go Well;6;1500374163;90;cemerick;14795526
Yandex open sources CatBoost, a gradient boosting ML library;11;1500376759;80;bobuk;14795673
July 2017 Trends: Software Engineering Skills;2;1500381541;16;lukeHeuer;14796033
New Macbook PRO? Don't Go There Friend;3;1500382350;15;provemewrong;14796111
Japan, a Fu*king Nightmare [WARNING] DO Not WORK IN JAPAN;3;1500383153;7;wst_;14796195
The clickiest keyboard in history is coming back;4;1500383645;25;gribbits;14796247
Google launches Hire, a new service for helping businesses recruit;6;1500385011;14;tashoecraft;14796381
Hire by Google;7;1500384783;28;Brajeshwar;14796355
Jeff Sessions Announces Justice Department Will Increase Asset Forfeiture;4;1500385111;25;csomar;14796387
Show HN: SignRequest – Electronic Signatures for everyone;12;1500383980;62;sndr_srq2;14796282
50 Sydney Startups to Watch in 2017;5;1500381496;119;gonsanchezs;14796028
Fastest Way to Delete Large Folders in Windows – Matt's Repository;5;1500361993;457;megahz;14794795
As Workouts Intensify, a Harmful Side Effect Grows More Common;5;1500386943;48;robertgk;14796590
Show HN: A performance comparison of Duplicacy, restic, Attic, and duplicity;5;1500389425;17;acrosync;14796936
A Collection of North Korean Stories and the Mystery of Their Origins;5;1500352067;646;lermontov;14794256
TensorForce: A TensorFlow library for applied reinforcement learning;6;1500378976;197;k_f;14795785
Tesorio (YC S15) Is Hiring a Product Designer, Account Executive and Sales Rep;1;1500390828;1;FabioFleitas;14797141
Wall Street Profits by Putting Investors in the Slow Lane;3;1500391985;2;chollida1;14797323
Build a burner phone with Twilio and Kotlin;5;1500389401;51;harel;14796934
You were born when? The French Revolutionary Calendar;3;1500322235;1173;Vigier;14791912
Google relaunches Glass for businesses;3;1500392541;7;tsycho;14797405
Six security vulnerabilities from a year of HackerOne;7;1500392794;17;nestlequ1k;14797444
Google launches a larger analogue to AWS Snowball;11;1500386465;126;nealmueller;14796529
The future of deep learning;4;1500392261;31;nicolrx;14797364
The 2017 Rust Conference Lineup;4;1500393846;13;darwhy;14797609
The Myth of Drug Expiration Dates;4;1500393900;25;danso;14797616
Best Slacktices;8;1500393964;27;thedaniel;14797625
Vint Cerf Book Review: Claude Shannon – A Mind at Play;4;1500125337;4516;Osiris30;14776520
How to Get Your First 1,000 Customers;3;1500391756;76;ingve;14797284
Ask HN: What questions did you ask (or wish you asked) your cofounder?;7;1500392071;79;ovatsug25;14797338
Amazon Uses ReactJS Despite Patents Clause;4;1500396840;9;blairanderson;14798073
Why Canada Is Able to Do Things Better;3;1500396967;11;brandonhall;14798083
Show HN: Thoughtwriter – a digital whiteboard for your thoughts;8;1500328467;1158;dela3499;14792588
Mondo 2000 Issue #2 (1990) has been scanned;3;1500393369;76;Famicoman;14797522
Proust and Science Fiction;3;1500396210;34;collapse;14797980
LWJGL: Lightweight Java Game Library 3;4;1500395657;45;mabynogy;14797887
HTTP/2 Server Push on Netlify;2;1500398223;13;calavera;14798271
Drug Companies and Doctors: A Story of Corruption (2009);4;1500394674;89;quickfox;14797729
The New Server Economies of Scale for AMD;3;1500399792;12;rbanffy;14798543
Stop writing PHP like it's 2009;4;1500399181;27;imperio59;14798425
The System Bottleneck Shifts to PCI-Express;5;1500399842;31;rbanffy;14798556
Show HN: PGet – Chunk downloader for python;6;1500367286;580;h4l0;14795124
Terminal and shell performance;4;1500397805;74;darwhy;14798211
Looking for back end and devops engineer to join RankScience (YC W17) – Build a CDN;1;1500403847;1;dillonforrest;14799062
Show HN: Open Source Search Engine to Learn Anything;11;1500398647;90;nikivi;14798336
Panic Inc. releases Transmit 5, a new version for its Mac FTP client;5;1500404325;16;lorenz_li;14799121
Show HN: cinc.kitchen – the GitHub for recipes;4;1500404230;19;keithasaurus;14799111
Real-World Rubber Ducky Attacks with Empire Stagers;3;1500403744;27;sc0tfree;14799046
Decaffeinating a Large CoffeeScript Codebase Without Losing Sleep;4;1500401611;65;sudowork;14798776
Master Card, Cisco, and Scotiabank Join the Enterprise Ethereum Alliance;6;1500405108;22;52-6F-62;14799222
Ask HN: What tools do you use to manage your life?;7;1500405886;31;krrishd;14799300
An open autonomous driving platform;5;1500406150;31;KKKKkkkk1;14799343
Anyprint: use any language's print statements in Python;5;1500406640;60;Sir_Cmpwn;14799404
Ask HN: When has switching the language/framework made an important difference?;4;1500411361;33;banashark;14799998
Desktop Metal gets $115M in funding to deliver metal 3D printing;3;1500411363;36;vswar;14800000
If you’re renting a city apt. without a car, 16% of your rent pays for parking;6;1500412804;28;jseliger;14800166
What is “Open Recursion”?;4;1500405565;154;jasim;14799267
Open Source: because I got mine, so fuck you;3;1500414789;16;robteix;14800351
VFsync – Secure file synchronization system;3;1500413726;47;ingve;14800252
Standard Cyborg (YC W15) is hiring software engineers and geometers;1;1500416589;0;jeffchuber;14800522
Fusion energy pushed back beyond 2050;4;1500397595;317;tpatke;14798181
Women Are Opting Out of IT, Here’s How to Bring Them Back;4;1500415577;32;tyteen4a03;14800419
Back to the Future: Lisp as a Base for a Statistical Computing System [pdf];4;1500381184;622;tosh;14795992
Is GitHub down or just me?;8;1500419900;1;uyoakaoma;14800811
Technical recruiting platform Triplebyte opens for business in New York;6;1500397265;380;janober;14798126
The Mill CPU Architecture: Switches [video];7;1500392174;471;willvarfar;14797350
Fuse;4;1500417091;62;spking;14800560
Mill CPU: Switch statements;5;1500418816;45;yumaikas;14800720
Everyday Life and Fatal Hazard in Sixteenth-Century England;4;1500398575;396;benbreen;14798321
Thank You Adobe (Macromedia) for Flash;4;1500421042;39;trzeci;14800953
Overview of Inverse Kinematics;5;1500384460;664;dmit;14796329
The DCI Architecture: A New Vision of Object-Oriented Programming (2009);4;1500382453;729;dmux;14796117
How Life (and Death) Spring from Disorder;4;1500400416;460;spyhi;14798613
Big Thinkers Only, ZeroCater (YC W11);1;1500428501;1;arram;14801534
Show HN: Ompr – mixed integer linear programming in R;6;1500398587;522;watwatwat123;14798327
LeoCAD 17.07 – CAD application for creating virtual Lego models;3;1500429678;24;app4soft;14801612
Interpreting neurons in an LSTM network;4;1500401068;513;nicolrx;14798692
Apache Pulsar (Incubating);12;1500421839;177;mmerli;14801029
The Tiny Satellites Ushering in the New Space Revolution;3;1500431679;106;binoyxj;14801722
Nurx (YC W16) Is Hiring Lead Front-End Engineer;1;1500440412;1;Edvard;14802078
Ask HN: What problems does blockchain solve?;5;1500442186;33;bvod;14802154
Porting Unix to the 386 (1991);3;1500435394;152;colinprince;14801868
Ask HN: Is TDD or BDD used in AAA gaming industry?;5;1500445620;7;jcfausto;14802333
Google launches new security features to protect users from unverified apps;4;1500447526;19;workerthread;14802454
The History of Alice and Bob;9;1500435754;230;quinndupont;14801883
Why I left Japan after 10 years;5;1500449362;41;LluisGerard;14802539
Swiftype is hiring Front end, Back end, and Solutions Engineers;1;1500454263;0;qhoxie;14802831
50% of WeChat Accounts are losing followers;4;1500451050;77;tjennychen;14802617
Yesterday, my program worked. Today, it does not. Why? (1999) [pdf];3;1500449571;123;maemre;14802550
Paradise Possible;3;1500431840;450;Petiver;14801728
